{"cameraMode":{"drawMode":0,"name":"Shaded","section":"Shading Mode"},"sceneLighting":true,"audioPlay":false,"sceneViewState":{"showFog":true,"showMaterialUpdate":false,"showSkybox":true,"showFlares":true,"showImageEffects":true,"showParticleSystems":true},"in2DMode":false,"pivot":{"x":-0.553070068359375,"y":-0.05078125,"z":-1.5259602069854737},"rotation":{"x":0.5024049282073975,"y":0.49759116768836977,"z":-0.5015021562576294,"w":0.49849289655685427},"size":24.932218551635743,"orthographic":true}