{"cameraMode":{"drawMode":0,"name":"Shaded","section":"Shading Mode"},"sceneLighting":false,"audioPlay":false,"sceneViewState":{"showFog":true,"showMaterialUpdate":false,"showSkybox":false,"showFlares":true,"showImageEffects":true,"showParticleSystems":true},"in2DMode":false,"pivot":{"x":5.840000152587891,"y":0.5199999809265137,"z":-6.980000019073486},"rotation":{"x":-0.20089681446552277,"y":0.7987258434295654,"z":-0.4146175980567932,"w":-0.38700956106185915},"size":0.4533385932445526,"orthographic":false}