{"cameraMode":{"drawMode":0,"name":"Shaded","section":"Shading Mode"},"sceneLighting":true,"audioPlay":false,"sceneViewState":{"showFog":true,"showMaterialUpdate":false,"showSkybox":true,"showFlares":true,"showImageEffects":true,"showParticleSystems":true},"in2DMode":false,"pivot":{"x":-30.34656524658203,"y":-80.37395477294922,"z":-7.3816022872924809},"rotation":{"x":-0.3585638105869293,"y":0.6356762647628784,"z":-0.42682769894599917,"w":-0.5340108275413513},"size":51.86473083496094,"orthographic":false}